session_key,session_data,expire_date
adc0b0a2b4e15870a4b3b95e1e643d69fdb53558,eyJ1c2VyX2lkIjoge3VpZH19c4ca4238a0b923820dcc509a6f75849b,2026-05-25 00:27:22
7d17bdda42a352efa3957e1bc1ffc4d12a823d9e,eyJ1c2VyX2lkIjoge3VpZH19c81e728d9d4c2f636f067f89cc14862c,2026-05-30 04:38:27
6690d093fe12a24c8d52163fc0af2b73bdffd741,eyJ1c2VyX2lkIjoge3VpZH19eccbc87e4b5ce2fe28308fd9f2a7baf3,2026-05-25 22:44:38
42a83a792471f5944bd625b1c0696d16655501f2,eyJ1c2VyX2lkIjoge3VpZH19a87ff679a2f3e71d9181a67b7542122c,2026-05-29 08:39:56
af144419c32a2ea63679da9a098df5ccd12331b6,eyJ1c2VyX2lkIjoge3VpZH19e4da3b7fbbce2345d7772b0674a318d5,2026-04-05 22:20:53
f00dfb3ec8c093b08ce0c51476c4681c8e8d12f9,eyJ1c2VyX2lkIjoge3VpZH191679091c5a880faf6fb5e6087eb1b2dc,2026-04-03 13:52:22
c01b80019ce674337e918adc9dbd750972e6a588,eyJ1c2VyX2lkIjoge3VpZH198f14e45fceea167a5a36dedd4bea2543,2026-05-31 05:56:30
669928d1fce05c3a89232996632633c0f7255215,eyJ1c2VyX2lkIjoge3VpZH19c9f0f895fb98ab9159f51fd0297e236d,2026-04-01 08:25:23
8692d0feb807a52511d09c135ac3225e9d1e88b4,eyJ1c2VyX2lkIjoge3VpZH1945c48cce2e2d7fbdea1afc51c7c6ad26,2026-05-27 22:02:46
85f9c525ff02db146bbdc004a90800e55a2af4c9,eyJ1c2VyX2lkIjoge3VpZH19d3d9446802a44259755d38e6d163e820,2026-06-06 07:51:22
ac0ac9f639790a5c0c1eeba8ef1a61cfe9279c58,eyJ1c2VyX2lkIjoge3VpZH196512bd43d9caa6e02c990b0a82652dca,2026-05-03 15:54:58
9373fa1916653c947011119ddec1d7fe73c49f0e,eyJ1c2VyX2lkIjoge3VpZH19c20ad4d76fe97759aa27a0c99bff6710,2026-04-14 07:03:18
1212365549a521e31239b9b5795249620bcc8836,eyJ1c2VyX2lkIjoge3VpZH19c51ce410c124a10e0db5e4b97fc2af39,2026-06-01 02:41:57
b8def607529061d076343c06670651dcb2d5f8f6,eyJ1c2VyX2lkIjoge3VpZH19aab3238922bcc25a6f606eb525ffdc56,2026-03-25 03:44:46
0be7f8706d6842eb6e8f60e3bbf02f35690d3a34,eyJ1c2VyX2lkIjoge3VpZH199bf31c7ff062936a96d3c8bd1f8f2ff3,2026-05-25 18:57:17
720ba4fa06ad1441ac69d8de63bee72aa9a31737,eyJ1c2VyX2lkIjoge3VpZH19c74d97b01eae257e44aa9d5bade97baf,2026-05-06 23:24:18
e30dfb53c3717da3452fdc93173efae3395ffcc0,eyJ1c2VyX2lkIjoge3VpZH1970efdf2ec9b086079795c442636b55fb,2026-06-01 01:37:30
b7b08e933eb95cfdf8e51200c63428b41700b6a2,eyJ1c2VyX2lkIjoge3VpZH196f4922f45568161a8cdf4ad2299f6d23,2026-05-31 04:51:22
e45bfd97cbd9e22e3d4440d4ca27c4a17c31f680,eyJ1c2VyX2lkIjoge3VpZH191f0e3dad99908345f7439f8ffabdffc4,2026-06-04 06:59:10
0f10ca9dfa91109477853f7096417e51cb0ff12c,eyJ1c2VyX2lkIjoge3VpZH1998f13708210194c475687be6106a3b84,2026-06-01 05:09:42
7c9404f68e5cb0c47451a751e713f2a708be2937,eyJ1c2VyX2lkIjoge3VpZH193c59dc048e8850243be8079a5c74d079,2026-06-06 15:42:59
a4deb78329bddd3658f82ac31f9a1d00db8ee496,eyJ1c2VyX2lkIjoge3VpZH19b6d767d2f8ed5d21a44b0e5886680cb9,2026-04-24 00:13:49
af064ea18d9dae5d3743c1c523395ad9f27ff26e,eyJ1c2VyX2lkIjoge3VpZH1937693cfc748049e45d87b8c7d8b9aacd,2026-05-30 04:34:57
c1050c6f353555cf4783f36c34d253632f7fab78,eyJ1c2VyX2lkIjoge3VpZH191ff1de774005f8da13f42943881c655f,2026-06-01 19:06:11
f73821440e76cd43f134a00c16d8d396b7d78b9d,eyJ1c2VyX2lkIjoge3VpZH198e296a067a37563370ded05f5a3bf3ec,2026-05-26 04:17:55
bdc9871d2971e2f5f12c8e81ed4b2b78cf268323,eyJ1c2VyX2lkIjoge3VpZH194e732ced3463d06de0ca9a15b6153677,2026-05-06 00:20:41
21c470f5539c18bc79321ea8c2b089d3c22947fb,eyJ1c2VyX2lkIjoge3VpZH1902e74f10e0327ad868d138f2b4fdd6f0,2026-05-27 22:58:40
3299e0268f91a7e612499d6d097ae8aa8b52583a,eyJ1c2VyX2lkIjoge3VpZH1933e75ff09dd601bbe69f351039152189,2026-05-29 18:48:46
9fc1909e394197704ee331fcc47619786e68d667,eyJ1c2VyX2lkIjoge3VpZH196ea9ab1baa0efb9e19094440c317e21b,2026-06-05 21:49:01
30be6b7b1b9563fb97321e68f9daf3083bfd3ef5,eyJ1c2VyX2lkIjoge3VpZH1934173cb38f07f89ddbebc2ac9128303f,2026-05-25 10:52:50
0029173b87808d54f2be6e3bc91734740ce9f304,eyJ1c2VyX2lkIjoge3VpZH19c16a5320fa475530d9583c34fd356ef5,2026-06-03 18:33:27
ce614fa379addf3e8b64462ba0d48a52d35e5e49,eyJ1c2VyX2lkIjoge3VpZH196364d3f0f495b6ab9dcf8d3b5c6e0b01,2026-05-04 13:00:26
faf8405f50ece30e12804afd2ce8fbf24e8f7929,eyJ1c2VyX2lkIjoge3VpZH19182be0c5cdcd5072bb1864cdee4d3d6e,2026-03-28 03:35:14
b00111c08ccd2dd507eb373b1760bf8dff5a4efa,eyJ1c2VyX2lkIjoge3VpZH19e369853df766fa44e1ed0ff613f563bd,2026-04-20 06:30:10
f7d24444981d122676fbe35265dee58a1be49641,eyJ1c2VyX2lkIjoge3VpZH191c383cd30b7c298ab50293adfecb7b18,2026-06-04 16:31:49
22fa8b87c5a8f09a42ad818f5d091018b414ead5,eyJ1c2VyX2lkIjoge3VpZH1919ca14e7ea6328a42e0eb13d585e4c22,2026-05-29 23:04:02
d7129f0f605f446ea8613c33e3a7df621bd268dd,eyJ1c2VyX2lkIjoge3VpZH19a5bfc9e07964f8dddeb95fc584cd965d,2026-05-28 14:28:41
1db17d6753d2c76ced2259bb889581b1d972cc0d,eyJ1c2VyX2lkIjoge3VpZH19a5771bce93e200c36f7cd9dfd0e5deaa,2026-04-29 05:10:28
410345ec4cdbb16ece3b958eb0ec4fa05b0c0c01,eyJ1c2VyX2lkIjoge3VpZH19d67d8ab4f4c10bf22aa353e27879133c,2026-04-22 07:15:43
87a1f469f74a475d4662842e30aa85e11f3d5fde,eyJ1c2VyX2lkIjoge3VpZH19d645920e395fedad7bbbed0eca3fe2e0,2026-05-27 02:13:42
f48ba23be8f1d8fdadf3e3e826d7b3595b91a389,eyJ1c2VyX2lkIjoge3VpZH193416a75f4cea9109507cacd8e2f2aefc,2026-05-26 00:20:14
6c92960f4d2a699279efeb1dd45b4d3e36d93dcf,eyJ1c2VyX2lkIjoge3VpZH19a1d0c6e83f027327d8461063f4ac58a6,2026-06-06 09:54:16
86edf0f0be2623b5d983c4187a0e02ee87d712a4,eyJ1c2VyX2lkIjoge3VpZH1917e62166fc8586dfa4d1bc0e1742c08b,2026-04-19 14:16:52
fb5aad7fbf8aa6b8bdafeb97ddd7534679a11532,eyJ1c2VyX2lkIjoge3VpZH19f7177163c833dff4b38fc8d2872f1ec6,2026-05-26 06:15:16
8714823c9b1ae01f1587fd9e6d99834aa9d66197,eyJ1c2VyX2lkIjoge3VpZH196c8349cc7260ae62e3b1396831a8398f,2026-06-07 10:42:57
800b9f5f3785c9f82ba7d5bd339078a9ba0897dc,eyJ1c2VyX2lkIjoge3VpZH19d9d4f495e875a2e075a1a4a6e1b9770f,2026-06-04 22:47:08
22af7ca51038c3142647ee47bb57075ff5d1b429,eyJ1c2VyX2lkIjoge3VpZH1967c6a1e7ce56d3d6fa748ab6d9af3fd7,2026-05-25 14:46:14
4d6779d240c3ef5b682e6bad052ca2a3630a1821,eyJ1c2VyX2lkIjoge3VpZH19642e92efb79421734881b53e1e1b18b6,2026-06-01 17:20:38
7ceada5db1809474c2236f946e0fdcfeff6d14b5,eyJ1c2VyX2lkIjoge3VpZH19f457c545a9ded88f18ecee47145a72c0,2026-05-08 01:37:10
64492f5bd23a8be0adcd953578effa988b6c1b8e,eyJ1c2VyX2lkIjoge3VpZH19c0c7c76d30bd3dcaefc96f40275bdc0a,2026-06-01 00:08:29
2523ab70d00715dc98b90b89ca819e94d9783232,eyJ1c2VyX2lkIjoge3VpZH192838023a778dfaecdc212708f721b788,2026-06-02 06:01:35
4fda27a3ffe5cd054be68179254a131fbd086dad,eyJ1c2VyX2lkIjoge3VpZH199a1158154dfa42caddbd0694a4e9bdc8,2026-06-06 00:10:10
c32bb693118183296fb82cc055ec1b1dd020e7c8,eyJ1c2VyX2lkIjoge3VpZH19d82c8d1619ad8176d665453cfb2e55f0,2026-04-21 18:54:42
cc8bab5ee4018d84a9e28fd1cbf3b5f454541de9,eyJ1c2VyX2lkIjoge3VpZH19a684eceee76fc522773286a895bc8436,2026-04-24 10:50:26
87e0907ddae873250f7a4790faa574004c8da2cd,eyJ1c2VyX2lkIjoge3VpZH19b53b3a3d6ab90ce0268229151c9bde11,2026-05-30 07:32:12
9400392adc6b805ac518dae657ed6ad73b5a4c72,eyJ1c2VyX2lkIjoge3VpZH199f61408e3afb633e50cdf1b20de6f466,2026-05-17 23:06:12
aaebf19b39fbd9fbd8deee4a7482ecf407604e09,eyJ1c2VyX2lkIjoge3VpZH1972b32a1f754ba1c09b3695e0cb6cde7f,2026-03-29 13:49:21
d1bad7dd9400b8e06d05c76b1ad5cb46a1618dde,eyJ1c2VyX2lkIjoge3VpZH1966f041e16a60928b05a7e228a89c3799,2026-05-30 09:34:13
bc16eb24c508702829c38bf744c1b744ee2bcbbc,eyJ1c2VyX2lkIjoge3VpZH19093f65e080a295f8076b1c5722a46aa2,2026-04-10 21:08:53
b71e3843170c54f696e91244d5047d559502d8bf,eyJ1c2VyX2lkIjoge3VpZH19072b030ba126b2f4b2374f342be9ed44,2026-06-01 19:31:01
13d5e2038ed1e0d39644978e42e737002f054d89,eyJ1c2VyX2lkIjoge3VpZH197f39f8317fbdb1988ef4c628eba02591,2026-05-28 22:36:07
ef17c41ab0ddefc130ccaf3343f94e7bea5283f8,eyJ1c2VyX2lkIjoge3VpZH1944f683a84163b3523afe57c2e008bc8c,2026-04-25 20:56:52
b8a806af63bd397858df32dc724cdf7a1a503f93,eyJ1c2VyX2lkIjoge3VpZH1903afdbd66e7929b125f8597834fa83a4,2026-05-26 04:38:28
3af1884d72243b0aaa460a37f9b4ffa274f1c8a2,eyJ1c2VyX2lkIjoge3VpZH19ea5d2f1c4608232e07d3aa3d998e5135,2026-06-02 03:28:57
8009b96a797625b169f0bd2679675f06648afe45,eyJ1c2VyX2lkIjoge3VpZH19fc490ca45c00b1249bbe3554a4fdf6fb,2026-06-03 20:00:02
7be1398925f8292467667fccc303572fc765b094,eyJ1c2VyX2lkIjoge3VpZH193295c76acbf4caaed33c36b1b5fc2cb1,2026-05-29 01:22:25
aaf33362fa21a77456535343b7e9b2edef5ab384,eyJ1c2VyX2lkIjoge3VpZH19735b90b4568125ed6c3f678819b6e058,2026-04-24 12:55:41
6ca69a333c554b935441302ef4a3526ef56af0f9,eyJ1c2VyX2lkIjoge3VpZH19a3f390d88e4c41f2747bfa2f1b5f87db,2026-06-03 07:36:30
e50dcab32876e0be7ca56d5bcc8d780b4992d262,eyJ1c2VyX2lkIjoge3VpZH1914bfa6bb14875e45bba028a21ed38046,2026-05-28 22:09:45
02affe156683d5f762c5f3f584a235d7ec758233,eyJ1c2VyX2lkIjoge3VpZH197cbbc409ec990f19c78c75bd1e06f215,2026-03-26 19:51:03
74845361c9801d420b1896562140265f243bc2fb,eyJ1c2VyX2lkIjoge3VpZH19e2c420d928d4bf8ce0ff2ec19b371514,2026-06-03 11:13:38
82afd7b7f2cf26bc15a6efb19b0796d36d63c231,eyJ1c2VyX2lkIjoge3VpZH1932bb90e8976aab5298d5da10fe66f21d,2026-05-24 19:45:04
882405b7bbd42f7b1af9fea774e09abc59ea6474,eyJ1c2VyX2lkIjoge3VpZH19d2ddea18f00665ce8623e36bd4e3c7c5,2026-04-02 13:24:06
78c561c4ebdc7108ad585691208de8d6c40bdf5b,eyJ1c2VyX2lkIjoge3VpZH19ad61ab143223efbc24c7d2583be69251,2026-05-09 22:07:52
0462a51e679510622c86cf048e686ab9e68ff042,eyJ1c2VyX2lkIjoge3VpZH19d09bf41544a3365a46c9077ebb5e35c3,2026-06-04 17:23:29
00aef7e15c223fa9c5a3cdd5566289e1d89b8f43,eyJ1c2VyX2lkIjoge3VpZH19fbd7939d674997cdb4692d34de8633c4,2026-06-03 01:35:45
f26e4610a86dc71d9cec2b9a1ae603b94f4f3e97,eyJ1c2VyX2lkIjoge3VpZH1928dd2c7955ce926456240b2ff0100bde,2026-06-01 14:20:18
cc9435c1f0315b6f6f7593e925a54aa439ee7702,eyJ1c2VyX2lkIjoge3VpZH1935f4a8d465e6e1edc05f3d8ab658c551,2026-05-21 06:39:37
7deed14181faab2afc1d13f2845ba2c7abf8e82c,eyJ1c2VyX2lkIjoge3VpZH19d1fe173d08e959397adf34b1d77e88d7,2026-05-29 11:22:42
c4b97ffba4117ca56845bf456bdeed4fc8d2677e,eyJ1c2VyX2lkIjoge3VpZH19f033ab37c30201f73f142449d037028d,2026-06-07 06:58:55
